2022-08-29 23:47:58,225: root: INFO: MachineLearningStocks : Executing the initialize lifecycle method
2022-08-29 23:47:58,227: root: INFO: Current backtesting datetime 2021-08-02 09:18:00-04:00
2022-08-29 23:47:58,227: root: INFO: MachineLearningStocks : Executing the before_starting_trading lifecycle method
2022-08-29 23:47:58,228: root: INFO: MachineLearningStocks : Executing the on_trading_iteration lifecycle method
2022-08-29 23:47:58,230: root: INFO: Getting historical prices for SRNE, 30040 bars, minute
2022-08-29 23:48:52,601: root: INFO: MachineLearningStocks : [34mSleeping for 900 seconds[0m
2022-08-29 23:48:52,601: root: INFO: Current backtesting datetime 2021-08-02 09:33:00-04:00
2022-08-29 23:48:52,602: root: INFO: [32mFilled Transaction: sell 2366 of SRNE at 8.27000000 USD per share[0m
2022-08-29 23:48:52,602: root: INFO: market order of | 2366 SRNE sell | with status unprocessed was filled
2022-08-29 23:48:52,604: root: INFO: MachineLearningStocks : Executing the on_filled_order event method
2022-08-29 23:48:52,605: root: INFO: MachineLearningStocks : Executing the on_trading_iteration lifecycle method
2022-08-29 23:48:52,609: root: INFO: MachineLearningStocks : [34mSleeping for 900 seconds[0m
2022-08-29 23:48:52,609: root: INFO: Current backtesting datetime 2021-08-02 09:48:00-04:00
2022-08-29 23:48:52,610: root: INFO: MachineLearningStocks : Executing the on_trading_iteration lifecycle method
2022-08-29 23:48:52,610: root: INFO: Getting historical prices for SRNE, 30040 bars, minute
2022-08-29 23:49:46,813: root: INFO: MachineLearningStocks : [34mSleeping for 900 seconds[0m
2022-08-29 23:49:46,813: root: INFO: Current backtesting datetime 2021-08-02 10:03:00-04:00
2022-08-29 23:49:46,814: root: INFO: MachineLearningStocks : Executing the on_trading_iteration lifecycle method
2022-08-29 23:49:46,818: root: INFO: MachineLearningStocks : [34mSleeping for 900 seconds[0m
2022-08-29 23:49:46,818: root: INFO: Current backtesting datetime 2021-08-02 10:18:00-04:00
2022-08-29 23:49:46,819: root: INFO: MachineLearningStocks : Executing the on_trading_iteration lifecycle method
2022-08-29 23:49:46,819: root: INFO: Getting historical prices for SRNE, 30040 bars, minute
2022-08-29 23:50:41,191: root: INFO: MachineLearningStocks : [34mSleeping for 900 seconds[0m
2022-08-29 23:50:41,191: root: INFO: Current backtesting datetime 2021-08-02 10:33:00-04:00
2022-08-29 23:50:41,192: root: INFO: MachineLearningStocks : Executing the on_trading_iteration lifecycle method
2022-08-29 23:50:41,195: root: INFO: MachineLearningStocks : [34mSleeping for 900 seconds[0m
2022-08-29 23:50:41,195: root: INFO: Current backtesting datetime 2021-08-02 10:48:00-04:00
2022-08-29 23:50:41,196: root: INFO: MachineLearningStocks : Executing the on_trading_iteration lifecycle method
2022-08-29 23:50:41,196: root: INFO: Getting historical prices for SRNE, 30040 bars, minute
2022-08-29 23:51:35,375: root: INFO: MachineLearningStocks : [34mSleeping for 900 seconds[0m
2022-08-29 23:51:35,375: root: INFO: Current backtesting datetime 2021-08-02 11:03:00-04:00
2022-08-29 23:51:35,376: root: INFO: MachineLearningStocks : Executing the on_trading_iteration lifecycle method
2022-08-29 23:51:35,379: root: INFO: MachineLearningStocks : [34mSleeping for 900 seconds[0m
2022-08-29 23:51:35,379: root: INFO: Current backtesting datetime 2021-08-02 11:18:00-04:00
2022-08-29 23:51:35,380: root: INFO: MachineLearningStocks : Executing the on_trading_iteration lifecycle method
2022-08-29 23:51:35,380: root: INFO: Getting historical prices for SRNE, 30040 bars, minute
2022-08-29 23:52:29,507: root: INFO: MachineLearningStocks : [34mSleeping for 900 seconds[0m
2022-08-29 23:52:29,507: root: INFO: Current backtesting datetime 2021-08-02 11:33:00-04:00
2022-08-29 23:52:29,508: root: INFO: MachineLearningStocks : Executing the on_trading_iteration lifecycle method
2022-08-29 23:52:29,511: root: INFO: MachineLearningStocks : [34mSleeping for 900 seconds[0m
2022-08-29 23:52:29,511: root: INFO: Current backtesting datetime 2021-08-02 11:48:00-04:00
2022-08-29 23:52:29,512: root: INFO: MachineLearningStocks : Executing the on_trading_iteration lifecycle method
2022-08-29 23:52:29,512: root: INFO: Getting historical prices for SRNE, 30040 bars, minute
2022-08-29 23:53:23,649: root: INFO: MachineLearningStocks : [34mSleeping for 900 seconds[0m
2022-08-29 23:53:23,649: root: INFO: Current backtesting datetime 2021-08-02 12:03:00-04:00
2022-08-29 23:53:23,650: root: INFO: MachineLearningStocks : Executing the on_trading_iteration lifecycle method
2022-08-29 23:53:23,653: root: INFO: MachineLearningStocks : [34mSleeping for 900 seconds[0m
2022-08-29 23:53:23,653: root: INFO: Current backtesting datetime 2021-08-02 12:18:00-04:00
2022-08-29 23:53:23,654: root: INFO: MachineLearningStocks : Executing the on_trading_iteration lifecycle method
2022-08-29 23:53:23,654: root: INFO: Getting historical prices for SRNE, 30040 bars, minute
2022-08-29 23:54:17,589: root: INFO: MachineLearningStocks : [34mSleeping for 900 seconds[0m
2022-08-29 23:54:17,590: root: INFO: Current backtesting datetime 2021-08-02 12:33:00-04:00
2022-08-29 23:54:17,590: root: INFO: MachineLearningStocks : Executing the on_trading_iteration lifecycle method
2022-08-29 23:54:17,593: root: INFO: MachineLearningStocks : [34mSleeping for 900 seconds[0m
2022-08-29 23:54:17,594: root: INFO: Current backtesting datetime 2021-08-02 12:48:00-04:00
2022-08-29 23:54:17,594: root: INFO: MachineLearningStocks : Executing the on_trading_iteration lifecycle method
2022-08-29 23:54:17,595: root: INFO: Getting historical prices for SRNE, 30040 bars, minute
2022-08-29 23:55:11,795: root: INFO: MachineLearningStocks : [34mSleeping for 900 seconds[0m
2022-08-29 23:55:11,796: root: INFO: Current backtesting datetime 2021-08-02 13:03:00-04:00
2022-08-29 23:55:11,796: root: INFO: MachineLearningStocks : Executing the on_trading_iteration lifecycle method
2022-08-29 23:55:11,799: root: INFO: MachineLearningStocks : [34mSleeping for 900 seconds[0m
2022-08-29 23:55:11,799: root: INFO: Current backtesting datetime 2021-08-02 13:18:00-04:00
2022-08-29 23:55:11,800: root: INFO: MachineLearningStocks : Executing the on_trading_iteration lifecycle method
2022-08-29 23:55:11,801: root: INFO: Getting historical prices for SRNE, 30040 bars, minute
2022-08-29 23:56:05,725: root: INFO: MachineLearningStocks : [34mSleeping for 900 seconds[0m
2022-08-29 23:56:05,725: root: INFO: Current backtesting datetime 2021-08-02 13:33:00-04:00
2022-08-29 23:56:05,726: root: INFO: MachineLearningStocks : Executing the on_trading_iteration lifecycle method
2022-08-29 23:56:05,729: root: INFO: MachineLearningStocks : [34mSleeping for 900 seconds[0m
2022-08-29 23:56:05,729: root: INFO: Current backtesting datetime 2021-08-02 13:48:00-04:00
2022-08-29 23:56:05,729: root: INFO: MachineLearningStocks : Executing the on_trading_iteration lifecycle method
2022-08-29 23:56:05,730: root: INFO: Getting historical prices for SRNE, 30040 bars, minute
2022-08-29 23:56:59,328: root: INFO: MachineLearningStocks : [34mSleeping for 900 seconds[0m
2022-08-29 23:56:59,329: root: INFO: Current backtesting datetime 2021-08-02 14:03:00-04:00
2022-08-29 23:56:59,329: root: INFO: MachineLearningStocks : Executing the on_trading_iteration lifecycle method
2022-08-29 23:56:59,332: root: INFO: MachineLearningStocks : [34mSleeping for 900 seconds[0m
2022-08-29 23:56:59,332: root: INFO: Current backtesting datetime 2021-08-02 14:18:00-04:00
2022-08-29 23:56:59,333: root: INFO: MachineLearningStocks : Executing the on_trading_iteration lifecycle method
2022-08-29 23:56:59,333: root: INFO: Getting historical prices for SRNE, 30040 bars, minute
2022-08-29 23:57:53,403: root: INFO: MachineLearningStocks : [34mSleeping for 900 seconds[0m
2022-08-29 23:57:53,403: root: INFO: Current backtesting datetime 2021-08-02 14:33:00-04:00
2022-08-29 23:57:53,404: root: INFO: MachineLearningStocks : Executing the on_trading_iteration lifecycle method
2022-08-29 23:57:53,407: root: INFO: MachineLearningStocks : [34mSleeping for 900 seconds[0m
2022-08-29 23:57:53,407: root: INFO: Current backtesting datetime 2021-08-02 14:48:00-04:00
2022-08-29 23:57:53,408: root: INFO: MachineLearningStocks : Executing the on_trading_iteration lifecycle method
2022-08-29 23:57:53,408: root: INFO: Getting historical prices for SRNE, 30040 bars, minute
2022-08-29 23:58:47,452: root: INFO: MachineLearningStocks : [34mSleeping for 900 seconds[0m
2022-08-29 23:58:47,452: root: INFO: Current backtesting datetime 2021-08-02 15:03:00-04:00
2022-08-29 23:58:47,454: root: INFO: MachineLearningStocks : Executing the on_trading_iteration lifecycle method
2022-08-29 23:58:47,457: root: INFO: MachineLearningStocks : [34mSleeping for 900 seconds[0m
2022-08-29 23:58:47,457: root: INFO: Current backtesting datetime 2021-08-02 15:18:00-04:00
2022-08-29 23:58:47,457: root: INFO: MachineLearningStocks : Executing the on_trading_iteration lifecycle method
2022-08-29 23:58:47,458: root: INFO: Getting historical prices for SRNE, 30040 bars, minute
2022-08-29 23:59:41,327: root: INFO: MachineLearningStocks : [34mSleeping for 900 seconds[0m
2022-08-29 23:59:41,327: root: INFO: Current backtesting datetime 2021-08-02 15:33:00-04:00
2022-08-29 23:59:41,328: root: INFO: MachineLearningStocks : Executing the on_trading_iteration lifecycle method
2022-08-29 23:59:41,331: root: INFO: MachineLearningStocks : [34mSleeping for 900 seconds[0m
2022-08-29 23:59:41,331: root: INFO: Current backtesting datetime 2021-08-02 15:48:00-04:00
2022-08-29 23:59:41,331: root: INFO: MachineLearningStocks : Executing the on_trading_iteration lifecycle method
2022-08-29 23:59:41,332: root: INFO: Getting historical prices for SRNE, 30040 bars, minute
2022-08-30 00:00:35,369: root: INFO: MachineLearningStocks : [34mSleeping for 900 seconds[0m
2022-08-30 00:00:35,370: root: INFO: Current backtesting datetime 2021-08-02 16:03:00-04:00
2022-08-30 00:00:35,372: root: INFO: MachineLearningStocks : Executing the on_trading_iteration lifecycle method
2022-08-30 00:00:35,376: root: INFO: Current backtesting datetime 2021-08-02 15:58:00-04:00
2022-08-30 00:00:35,376: root: INFO: MachineLearningStocks : Executing the before_market_closes lifecycle method
2022-08-30 00:00:35,376: root: WARNING: Strategy MachineLearningStocks: sell all
2022-08-30 00:00:35,378: root: INFO: Current backtesting datetime 2021-08-02 15:59:00-04:00
2022-08-30 00:00:35,378: root: INFO: MachineLearningStocks : Executing the after_market_closes lifecycle method
2022-08-30 00:00:35,379: root: INFO: Current backtesting datetime 2021-08-03 09:14:00-04:00
2022-08-30 00:00:35,379: root: INFO: MachineLearningStocks : Executing the before_starting_trading lifecycle method
2022-08-30 00:00:35,380: root: INFO: [32mFilled Transaction: buy 2366 of SRNE at 8.40000000 USD per share[0m
2022-08-30 00:00:35,380: root: INFO: market order of | 2366 SRNE buy | with status unprocessed was filled
2022-08-30 00:00:35,380: root: INFO: Position 0.000000 shares of SRNE liquidated
2022-08-30 00:00:35,383: root: INFO: MachineLearningStocks : Executing the on_filled_order event method
2022-08-30 00:00:35,383: root: INFO: MachineLearningStocks : Executing the on_trading_iteration lifecycle method
2022-08-30 00:00:35,383: root: INFO: Getting historical prices for SRNE, 30040 bars, minute
2022-08-30 00:01:29,663: root: INFO: MachineLearningStocks : [34mSleeping for 900 seconds[0m
2022-08-30 00:01:29,664: root: INFO: Current backtesting datetime 2021-08-03 09:29:00-04:00
2022-08-30 00:01:29,664: root: INFO: MachineLearningStocks : Executing the on_trading_iteration lifecycle method
2022-08-30 00:01:29,667: root: INFO: MachineLearningStocks : [34mSleeping for 900 seconds[0m
2022-08-30 00:01:29,668: root: INFO: Current backtesting datetime 2021-08-03 09:44:00-04:00
2022-08-30 00:01:29,668: root: INFO: MachineLearningStocks : Executing the on_trading_iteration lifecycle method
2022-08-30 00:01:29,669: root: INFO: Getting historical prices for SRNE, 30040 bars, minute
2022-08-30 00:02:23,772: root: INFO: MachineLearningStocks : [34mSleeping for 900 seconds[0m
2022-08-30 00:02:23,772: root: INFO: Current backtesting datetime 2021-08-03 09:59:00-04:00
2022-08-30 00:02:23,773: root: INFO: [32mFilled Transaction: buy 2428 of SRNE at 8.15000000 USD per share[0m
2022-08-30 00:02:23,773: root: INFO: market order of | 2428 SRNE buy | with status unprocessed was filled
2022-08-30 00:02:23,775: root: INFO: MachineLearningStocks : Executing the on_filled_order event method
2022-08-30 00:02:23,776: root: INFO: MachineLearningStocks : Executing the on_trading_iteration lifecycle method
2022-08-30 00:02:23,778: root: INFO: MachineLearningStocks : [34mSleeping for 900 seconds[0m
2022-08-30 00:02:23,778: root: INFO: Current backtesting datetime 2021-08-03 10:14:00-04:00
2022-08-30 00:02:23,779: root: INFO: MachineLearningStocks : Executing the on_trading_iteration lifecycle method
2022-08-30 00:02:23,779: root: INFO: Getting historical prices for SRNE, 30040 bars, minute
2022-08-30 00:03:17,930: root: INFO: MachineLearningStocks : [34mSleeping for 900 seconds[0m
2022-08-30 00:03:17,930: root: INFO: Current backtesting datetime 2021-08-03 10:29:00-04:00
2022-08-30 00:03:17,931: root: INFO: MachineLearningStocks : Executing the on_trading_iteration lifecycle method
2022-08-30 00:03:17,934: root: INFO: MachineLearningStocks : [34mSleeping for 900 seconds[0m
2022-08-30 00:03:17,934: root: INFO: Current backtesting datetime 2021-08-03 10:44:00-04:00
2022-08-30 00:03:17,935: root: INFO: MachineLearningStocks : Executing the on_trading_iteration lifecycle method
2022-08-30 00:03:17,935: root: INFO: Getting historical prices for SRNE, 30040 bars, minute
2022-08-30 00:04:12,067: root: INFO: MachineLearningStocks : [34mSleeping for 900 seconds[0m
2022-08-30 00:04:12,068: root: INFO: Current backtesting datetime 2021-08-03 10:59:00-04:00
2022-08-30 00:04:12,068: root: INFO: MachineLearningStocks : Executing the on_trading_iteration lifecycle method
2022-08-30 00:04:12,071: root: INFO: MachineLearningStocks : [34mSleeping for 900 seconds[0m
2022-08-30 00:04:12,072: root: INFO: Current backtesting datetime 2021-08-03 11:14:00-04:00
2022-08-30 00:04:12,072: root: INFO: MachineLearningStocks : Executing the on_trading_iteration lifecycle method
2022-08-30 00:04:12,073: root: INFO: Getting historical prices for SRNE, 30040 bars, minute
2022-08-30 00:05:06,194: root: INFO: MachineLearningStocks : [34mSleeping for 900 seconds[0m
2022-08-30 00:05:06,194: root: INFO: Current backtesting datetime 2021-08-03 11:29:00-04:00
2022-08-30 00:05:06,195: root: INFO: MachineLearningStocks : Executing the on_trading_iteration lifecycle method
2022-08-30 00:05:06,198: root: INFO: MachineLearningStocks : [34mSleeping for 900 seconds[0m
2022-08-30 00:05:06,198: root: INFO: Current backtesting datetime 2021-08-03 11:44:00-04:00
2022-08-30 00:05:06,198: root: INFO: MachineLearningStocks : Executing the on_trading_iteration lifecycle method
2022-08-30 00:05:06,199: root: INFO: Getting historical prices for SRNE, 30040 bars, minute
2022-08-30 00:06:00,057: root: INFO: MachineLearningStocks : [34mSleeping for 900 seconds[0m
2022-08-30 00:06:00,057: root: INFO: Current backtesting datetime 2021-08-03 11:59:00-04:00
2022-08-30 00:06:00,058: root: INFO: MachineLearningStocks : Executing the on_trading_iteration lifecycle method
2022-08-30 00:06:00,061: root: INFO: MachineLearningStocks : [34mSleeping for 900 seconds[0m
2022-08-30 00:06:00,061: root: INFO: Current backtesting datetime 2021-08-03 12:14:00-04:00
2022-08-30 00:06:00,062: root: INFO: MachineLearningStocks : Executing the on_trading_iteration lifecycle method
2022-08-30 00:06:00,062: root: INFO: Getting historical prices for SRNE, 30040 bars, minute
2022-08-30 00:06:53,848: root: INFO: MachineLearningStocks : [34mSleeping for 900 seconds[0m
2022-08-30 00:06:53,848: root: INFO: Current backtesting datetime 2021-08-03 12:29:00-04:00
2022-08-30 00:06:53,849: root: INFO: MachineLearningStocks : Executing the on_trading_iteration lifecycle method
2022-08-30 00:06:53,852: root: INFO: MachineLearningStocks : [34mSleeping for 900 seconds[0m
2022-08-30 00:06:53,852: root: INFO: Current backtesting datetime 2021-08-03 12:44:00-04:00
2022-08-30 00:06:53,853: root: INFO: MachineLearningStocks : Executing the on_trading_iteration lifecycle method
2022-08-30 00:06:53,853: root: INFO: Getting historical prices for SRNE, 30040 bars, minute
2022-08-30 00:07:47,829: root: INFO: MachineLearningStocks : [34mSleeping for 900 seconds[0m
2022-08-30 00:07:47,829: root: INFO: Current backtesting datetime 2021-08-03 12:59:00-04:00
2022-08-30 00:07:47,830: root: INFO: MachineLearningStocks : Executing the on_trading_iteration lifecycle method
2022-08-30 00:07:47,834: root: INFO: MachineLearningStocks : [34mSleeping for 900 seconds[0m
2022-08-30 00:07:47,834: root: INFO: Current backtesting datetime 2021-08-03 13:14:00-04:00
2022-08-30 00:07:47,835: root: INFO: MachineLearningStocks : Executing the on_trading_iteration lifecycle method
2022-08-30 00:07:47,835: root: INFO: Getting historical prices for SRNE, 30040 bars, minute
2022-08-30 00:08:41,704: root: INFO: MachineLearningStocks : [34mSleeping for 900 seconds[0m
2022-08-30 00:08:41,704: root: INFO: Current backtesting datetime 2021-08-03 13:29:00-04:00
2022-08-30 00:08:41,705: root: INFO: MachineLearningStocks : Executing the on_trading_iteration lifecycle method
2022-08-30 00:08:41,708: root: INFO: MachineLearningStocks : [34mSleeping for 900 seconds[0m
2022-08-30 00:08:41,708: root: INFO: Current backtesting datetime 2021-08-03 13:44:00-04:00
2022-08-30 00:08:41,709: root: INFO: MachineLearningStocks : Executing the on_trading_iteration lifecycle method
2022-08-30 00:08:41,709: root: INFO: Getting historical prices for SRNE, 30040 bars, minute
2022-08-30 00:09:35,549: root: INFO: MachineLearningStocks : [34mSleeping for 900 seconds[0m
2022-08-30 00:09:35,549: root: INFO: Current backtesting datetime 2021-08-03 13:59:00-04:00
2022-08-30 00:09:35,550: root: INFO: MachineLearningStocks : Executing the on_trading_iteration lifecycle method
2022-08-30 00:09:35,554: root: INFO: MachineLearningStocks : [34mSleeping for 900 seconds[0m
2022-08-30 00:09:35,554: root: INFO: Current backtesting datetime 2021-08-03 14:14:00-04:00
2022-08-30 00:09:35,555: root: INFO: MachineLearningStocks : Executing the on_trading_iteration lifecycle method
2022-08-30 00:09:35,555: root: INFO: Getting historical prices for SRNE, 30040 bars, minute
2022-08-30 00:10:29,312: root: INFO: MachineLearningStocks : [34mSleeping for 900 seconds[0m
2022-08-30 00:10:29,313: root: INFO: Current backtesting datetime 2021-08-03 14:29:00-04:00
2022-08-30 00:10:29,314: root: INFO: MachineLearningStocks : Executing the on_trading_iteration lifecycle method
2022-08-30 00:10:29,317: root: INFO: MachineLearningStocks : [34mSleeping for 900 seconds[0m
2022-08-30 00:10:29,317: root: INFO: Current backtesting datetime 2021-08-03 14:44:00-04:00
2022-08-30 00:10:29,318: root: INFO: MachineLearningStocks : Executing the on_trading_iteration lifecycle method
2022-08-30 00:10:29,318: root: INFO: Getting historical prices for SRNE, 30040 bars, minute
2022-08-30 00:11:24,389: root: INFO: MachineLearningStocks : [34mSleeping for 900 seconds[0m
2022-08-30 00:11:24,390: root: INFO: Current backtesting datetime 2021-08-03 14:59:00-04:00
2022-08-30 00:11:24,390: root: INFO: MachineLearningStocks : Executing the on_trading_iteration lifecycle method
2022-08-30 00:11:24,393: root: INFO: MachineLearningStocks : [34mSleeping for 900 seconds[0m
2022-08-30 00:11:24,393: root: INFO: Current backtesting datetime 2021-08-03 15:14:00-04:00
2022-08-30 00:11:24,394: root: INFO: MachineLearningStocks : Executing the on_trading_iteration lifecycle method
2022-08-30 00:11:24,394: root: INFO: Getting historical prices for SRNE, 30040 bars, minute
2022-08-30 00:12:17,948: root: INFO: MachineLearningStocks : [34mSleeping for 900 seconds[0m
2022-08-30 00:12:17,948: root: INFO: Current backtesting datetime 2021-08-03 15:29:00-04:00
2022-08-30 00:12:17,949: root: INFO: MachineLearningStocks : Executing the on_trading_iteration lifecycle method
2022-08-30 00:12:17,952: root: INFO: MachineLearningStocks : [34mSleeping for 900 seconds[0m
2022-08-30 00:12:17,952: root: INFO: Current backtesting datetime 2021-08-03 15:44:00-04:00
2022-08-30 00:12:17,953: root: INFO: MachineLearningStocks : Executing the on_trading_iteration lifecycle method
2022-08-30 00:12:17,953: root: INFO: Getting historical prices for SRNE, 30040 bars, minute
2022-08-30 00:13:12,282: root: INFO: MachineLearningStocks : [34mSleeping for 900 seconds[0m
2022-08-30 00:13:12,283: root: INFO: Current backtesting datetime 2021-08-03 15:59:00-04:00
2022-08-30 00:13:12,283: root: INFO: MachineLearningStocks : Executing the on_trading_iteration lifecycle method
2022-08-30 00:13:12,287: root: INFO: Current backtesting datetime 2021-08-03 15:54:00-04:00
2022-08-30 00:13:12,288: root: INFO: MachineLearningStocks : Executing the before_market_closes lifecycle method
2022-08-30 00:13:12,288: root: WARNING: Strategy MachineLearningStocks: sell all
2022-08-30 00:13:12,289: root: INFO: Current backtesting datetime 2021-08-03 15:59:00-04:00
2022-08-30 00:13:12,289: root: INFO: MachineLearningStocks : Executing the after_market_closes lifecycle method
2022-08-30 00:13:12,290: root: INFO: Current backtesting datetime 2021-08-04 09:30:00-04:00
2022-08-30 00:13:12,290: root: INFO: MachineLearningStocks : Executing the before_starting_trading lifecycle method
2022-08-30 00:13:12,292: root: INFO: [32mFilled Transaction: sell 2428 of SRNE at 8.12000000 USD per share[0m
2022-08-30 00:13:12,292: root: INFO: market order of | 2428 SRNE sell | with status unprocessed was filled
2022-08-30 00:13:12,292: root: INFO: Position 0.000000 shares of SRNE liquidated
2022-08-30 00:13:12,295: root: INFO: MachineLearningStocks : Executing the on_filled_order event method
2022-08-30 00:13:12,295: root: INFO: MachineLearningStocks : Executing the on_trading_iteration lifecycle method
2022-08-30 00:13:12,296: root: INFO: Getting historical prices for SRNE, 30040 bars, minute
2022-08-30 00:14:08,299: root: INFO: MachineLearningStocks : [34mSleeping for 900 seconds[0m
2022-08-30 00:14:08,299: root: INFO: Current backtesting datetime 2021-08-04 09:45:00-04:00
2022-08-30 00:14:08,300: root: INFO: MachineLearningStocks : Executing the on_trading_iteration lifecycle method
2022-08-30 00:14:08,303: root: INFO: MachineLearningStocks : [34mSleeping for 900 seconds[0m
2022-08-30 00:14:08,303: root: INFO: Current backtesting datetime 2021-08-04 10:00:00-04:00
2022-08-30 00:14:08,304: root: INFO: MachineLearningStocks : Executing the on_trading_iteration lifecycle method
2022-08-30 00:14:08,304: root: INFO: Getting historical prices for SRNE, 30040 bars, minute
2022-08-30 00:15:02,488: root: INFO: MachineLearningStocks : [34mSleeping for 900 seconds[0m
2022-08-30 00:15:02,488: root: INFO: Current backtesting datetime 2021-08-04 10:15:00-04:00
2022-08-30 00:15:02,488: root: INFO: MachineLearningStocks : Executing the on_trading_iteration lifecycle method
2022-08-30 00:15:02,493: root: INFO: MachineLearningStocks : [34mSleeping for 900 seconds[0m
2022-08-30 00:15:02,493: root: INFO: Current backtesting datetime 2021-08-04 10:30:00-04:00
2022-08-30 00:15:02,494: root: INFO: MachineLearningStocks : Executing the on_trading_iteration lifecycle method
2022-08-30 00:15:02,494: root: INFO: Getting historical prices for SRNE, 30040 bars, minute
2022-08-30 00:15:56,872: root: INFO: MachineLearningStocks : [34mSleeping for 900 seconds[0m
2022-08-30 00:15:56,873: root: INFO: Current backtesting datetime 2021-08-04 10:45:00-04:00
2022-08-30 00:15:56,873: root: INFO: MachineLearningStocks : Executing the on_trading_iteration lifecycle method
2022-08-30 00:15:56,876: root: INFO: MachineLearningStocks : [34mSleeping for 900 seconds[0m
2022-08-30 00:15:56,876: root: INFO: Current backtesting datetime 2021-08-04 11:00:00-04:00
2022-08-30 00:15:56,877: root: INFO: MachineLearningStocks : Executing the on_trading_iteration lifecycle method
2022-08-30 00:15:56,877: root: INFO: Getting historical prices for SRNE, 30040 bars, minute
2022-08-30 00:16:51,205: root: INFO: MachineLearningStocks : [34mSleeping for 900 seconds[0m
2022-08-30 00:16:51,205: root: INFO: Current backtesting datetime 2021-08-04 11:15:00-04:00
2022-08-30 00:16:51,205: root: INFO: MachineLearningStocks : Executing the on_trading_iteration lifecycle method
2022-08-30 00:16:51,208: root: INFO: MachineLearningStocks : [34mSleeping for 900 seconds[0m
2022-08-30 00:16:51,209: root: INFO: Current backtesting datetime 2021-08-04 11:30:00-04:00
2022-08-30 00:16:51,209: root: INFO: MachineLearningStocks : Executing the on_trading_iteration lifecycle method
2022-08-30 00:16:51,210: root: INFO: Getting historical prices for SRNE, 30040 bars, minute
2022-08-30 00:17:45,161: root: INFO: MachineLearningStocks : [34mSleeping for 900 seconds[0m
2022-08-30 00:17:45,161: root: INFO: Current backtesting datetime 2021-08-04 11:45:00-04:00
2022-08-30 00:17:45,162: root: INFO: MachineLearningStocks : Executing the on_trading_iteration lifecycle method
2022-08-30 00:17:45,164: root: INFO: MachineLearningStocks : [34mSleeping for 900 seconds[0m
2022-08-30 00:17:45,165: root: INFO: Current backtesting datetime 2021-08-04 12:00:00-04:00
2022-08-30 00:17:45,165: root: INFO: MachineLearningStocks : Executing the on_trading_iteration lifecycle method
2022-08-30 00:17:45,165: root: INFO: Getting historical prices for SRNE, 30040 bars, minute
2022-08-30 00:18:39,183: root: INFO: MachineLearningStocks : [34mSleeping for 900 seconds[0m
2022-08-30 00:18:39,183: root: INFO: Current backtesting datetime 2021-08-04 12:15:00-04:00
2022-08-30 00:18:39,184: root: INFO: MachineLearningStocks : Executing the on_trading_iteration lifecycle method
2022-08-30 00:18:39,187: root: INFO: MachineLearningStocks : [34mSleeping for 900 seconds[0m
2022-08-30 00:18:39,187: root: INFO: Current backtesting datetime 2021-08-04 12:30:00-04:00
2022-08-30 00:18:39,188: root: INFO: MachineLearningStocks : Executing the on_trading_iteration lifecycle method
2022-08-30 00:18:39,188: root: INFO: Getting historical prices for SRNE, 30040 bars, minute
2022-08-30 00:19:33,371: root: INFO: MachineLearningStocks : [34mSleeping for 900 seconds[0m
2022-08-30 00:19:33,371: root: INFO: Current backtesting datetime 2021-08-04 12:45:00-04:00
2022-08-30 00:19:33,372: root: INFO: MachineLearningStocks : Executing the on_trading_iteration lifecycle method
2022-08-30 00:19:33,375: root: INFO: MachineLearningStocks : [34mSleeping for 900 seconds[0m
2022-08-30 00:19:33,375: root: INFO: Current backtesting datetime 2021-08-04 13:00:00-04:00
2022-08-30 00:19:33,375: root: INFO: MachineLearningStocks : Executing the on_trading_iteration lifecycle method
2022-08-30 00:19:33,376: root: INFO: Getting historical prices for SRNE, 30040 bars, minute
2022-08-30 00:20:27,648: root: INFO: MachineLearningStocks : [34mSleeping for 900 seconds[0m
2022-08-30 00:20:27,648: root: INFO: Current backtesting datetime 2021-08-04 13:15:00-04:00
2022-08-30 00:20:27,649: root: INFO: MachineLearningStocks : Executing the on_trading_iteration lifecycle method
2022-08-30 00:20:27,652: root: INFO: MachineLearningStocks : [34mSleeping for 900 seconds[0m
2022-08-30 00:20:27,652: root: INFO: Current backtesting datetime 2021-08-04 13:30:00-04:00
2022-08-30 00:20:27,653: root: INFO: MachineLearningStocks : Executing the on_trading_iteration lifecycle method
2022-08-30 00:20:27,653: root: INFO: Getting historical prices for SRNE, 30040 bars, minute
2022-08-30 00:21:22,140: root: INFO: MachineLearningStocks : [34mSleeping for 900 seconds[0m
2022-08-30 00:21:22,141: root: INFO: Current backtesting datetime 2021-08-04 13:45:00-04:00
2022-08-30 00:21:22,141: root: INFO: MachineLearningStocks : Executing the on_trading_iteration lifecycle method
2022-08-30 00:21:22,144: root: INFO: MachineLearningStocks : [34mSleeping for 900 seconds[0m
2022-08-30 00:21:22,144: root: INFO: Current backtesting datetime 2021-08-04 14:00:00-04:00
2022-08-30 00:21:22,144: root: INFO: MachineLearningStocks : Executing the on_trading_iteration lifecycle method
2022-08-30 00:21:22,145: root: INFO: Getting historical prices for SRNE, 30040 bars, minute
2022-08-30 00:22:16,471: root: INFO: MachineLearningStocks : [34mSleeping for 900 seconds[0m
2022-08-30 00:22:16,472: root: INFO: Current backtesting datetime 2021-08-04 14:15:00-04:00
2022-08-30 00:22:16,472: root: INFO: MachineLearningStocks : Executing the on_trading_iteration lifecycle method
2022-08-30 00:22:16,475: root: INFO: MachineLearningStocks : [34mSleeping for 900 seconds[0m
2022-08-30 00:22:16,475: root: INFO: Current backtesting datetime 2021-08-04 14:30:00-04:00
2022-08-30 00:22:16,476: root: INFO: MachineLearningStocks : Executing the on_trading_iteration lifecycle method
2022-08-30 00:22:16,476: root: INFO: Getting historical prices for SRNE, 30040 bars, minute
2022-08-30 00:23:10,687: root: INFO: MachineLearningStocks : [34mSleeping for 900 seconds[0m
2022-08-30 00:23:10,687: root: INFO: Current backtesting datetime 2021-08-04 14:45:00-04:00
2022-08-30 00:23:10,688: root: INFO: MachineLearningStocks : Executing the on_trading_iteration lifecycle method
2022-08-30 00:23:10,691: root: INFO: MachineLearningStocks : [34mSleeping for 900 seconds[0m
2022-08-30 00:23:10,691: root: INFO: Current backtesting datetime 2021-08-04 15:00:00-04:00
2022-08-30 00:23:10,692: root: INFO: MachineLearningStocks : Executing the on_trading_iteration lifecycle method
2022-08-30 00:23:10,692: root: INFO: Getting historical prices for SRNE, 30040 bars, minute
2022-08-30 00:24:04,890: root: INFO: MachineLearningStocks : [34mSleeping for 900 seconds[0m
2022-08-30 00:24:04,890: root: INFO: Current backtesting datetime 2021-08-04 15:15:00-04:00
2022-08-30 00:24:04,890: root: INFO: MachineLearningStocks : Executing the on_trading_iteration lifecycle method
2022-08-30 00:24:04,894: root: INFO: MachineLearningStocks : [34mSleeping for 900 seconds[0m
2022-08-30 00:24:04,894: root: INFO: Current backtesting datetime 2021-08-04 15:30:00-04:00
2022-08-30 00:24:04,894: root: INFO: MachineLearningStocks : Executing the on_trading_iteration lifecycle method
2022-08-30 00:24:04,895: root: INFO: Getting historical prices for SRNE, 30040 bars, minute
2022-08-30 00:24:58,932: root: INFO: MachineLearningStocks : [34mSleeping for 900 seconds[0m
2022-08-30 00:24:58,932: root: INFO: Current backtesting datetime 2021-08-04 15:45:00-04:00
2022-08-30 00:24:58,932: root: INFO: MachineLearningStocks : Executing the on_trading_iteration lifecycle method
2022-08-30 00:24:58,936: root: INFO: MachineLearningStocks : [34mSleeping for 900 seconds[0m
2022-08-30 00:24:58,936: root: INFO: Current backtesting datetime 2021-08-04 16:00:00-04:00
2022-08-30 00:24:58,936: root: INFO: MachineLearningStocks : Executing the on_trading_iteration lifecycle method
2022-08-30 00:24:58,938: root: INFO: Getting historical prices for SRNE, 30040 bars, minute
2022-08-30 00:25:53,446: root: INFO: Current backtesting datetime 2021-08-04 15:55:00-04:00
2022-08-30 00:25:53,447: root: INFO: MachineLearningStocks : Executing the before_market_closes lifecycle method
2022-08-30 00:25:53,447: root: WARNING: Strategy MachineLearningStocks: sell all
2022-08-30 00:25:53,448: root: INFO: Current backtesting datetime 2021-08-04 15:59:00-04:00
2022-08-30 00:25:53,448: root: INFO: MachineLearningStocks : Executing the after_market_closes lifecycle method
2022-08-30 00:25:53,450: root: INFO: Current backtesting datetime 2021-08-05 09:31:00-04:00
2022-08-30 00:25:53,450: root: INFO: MachineLearningStocks : Executing the before_starting_trading lifecycle method
2022-08-30 00:25:53,451: root: INFO: MachineLearningStocks : Executing the on_trading_iteration lifecycle method
2022-08-30 00:25:53,451: root: INFO: Getting historical prices for SRNE, 30040 bars, minute
2022-08-30 00:26:47,706: root: INFO: MachineLearningStocks : [34mSleeping for 900 seconds[0m
2022-08-30 00:26:47,706: root: INFO: Current backtesting datetime 2021-08-05 09:46:00-04:00
2022-08-30 00:26:47,706: root: INFO: [32mFilled Transaction: buy 2468 of SRNE at 8.14000000 USD per share[0m
2022-08-30 00:26:47,707: root: INFO: market order of | 2468 SRNE buy | with status unprocessed was filled
2022-08-30 00:26:47,709: root: INFO: MachineLearningStocks : Executing the on_filled_order event method
2022-08-30 00:26:47,709: root: INFO: MachineLearningStocks : Executing the on_trading_iteration lifecycle method
2022-08-30 00:26:47,712: root: INFO: MachineLearningStocks : [34mSleeping for 900 seconds[0m
2022-08-30 00:26:47,712: root: INFO: Current backtesting datetime 2021-08-05 10:01:00-04:00
2022-08-30 00:26:47,713: root: INFO: MachineLearningStocks : Executing the on_trading_iteration lifecycle method
2022-08-30 00:26:47,713: root: INFO: Getting historical prices for SRNE, 30040 bars, minute
2022-08-30 00:27:41,995: root: INFO: MachineLearningStocks : [34mSleeping for 900 seconds[0m
2022-08-30 00:27:41,995: root: INFO: Current backtesting datetime 2021-08-05 10:16:00-04:00
2022-08-30 00:27:41,996: root: INFO: MachineLearningStocks : Executing the on_trading_iteration lifecycle method
2022-08-30 00:27:41,999: root: INFO: MachineLearningStocks : [34mSleeping for 900 seconds[0m
2022-08-30 00:27:41,999: root: INFO: Current backtesting datetime 2021-08-05 10:31:00-04:00
2022-08-30 00:27:42,000: root: INFO: MachineLearningStocks : Executing the on_trading_iteration lifecycle method
2022-08-30 00:27:42,000: root: INFO: Getting historical prices for SRNE, 30040 bars, minute
2022-08-30 00:28:36,267: root: INFO: MachineLearningStocks : [34mSleeping for 900 seconds[0m
2022-08-30 00:28:36,268: root: INFO: Current backtesting datetime 2021-08-05 10:46:00-04:00
2022-08-30 00:28:36,268: root: INFO: MachineLearningStocks : Executing the on_trading_iteration lifecycle method
2022-08-30 00:28:36,271: root: INFO: MachineLearningStocks : [34mSleeping for 900 seconds[0m
2022-08-30 00:28:36,271: root: INFO: Current backtesting datetime 2021-08-05 11:01:00-04:00
2022-08-30 00:28:36,272: root: INFO: MachineLearningStocks : Executing the on_trading_iteration lifecycle method
2022-08-30 00:28:36,272: root: INFO: Getting historical prices for SRNE, 30040 bars, minute
2022-08-30 00:29:30,693: root: INFO: MachineLearningStocks : [34mSleeping for 900 seconds[0m
2022-08-30 00:29:30,693: root: INFO: Current backtesting datetime 2021-08-05 11:16:00-04:00
2022-08-30 00:29:30,694: root: INFO: MachineLearningStocks : Executing the on_trading_iteration lifecycle method
2022-08-30 00:29:30,696: root: INFO: MachineLearningStocks : [34mSleeping for 900 seconds[0m
2022-08-30 00:29:30,697: root: INFO: Current backtesting datetime 2021-08-05 11:31:00-04:00
2022-08-30 00:29:30,697: root: INFO: MachineLearningStocks : Executing the on_trading_iteration lifecycle method
2022-08-30 00:29:30,698: root: INFO: Getting historical prices for SRNE, 30040 bars, minute
2022-08-30 00:30:25,035: root: INFO: MachineLearningStocks : [34mSleeping for 900 seconds[0m
2022-08-30 00:30:25,035: root: INFO: Current backtesting datetime 2021-08-05 11:46:00-04:00
2022-08-30 00:30:25,036: root: INFO: MachineLearningStocks : Executing the on_trading_iteration lifecycle method
2022-08-30 00:30:25,039: root: INFO: MachineLearningStocks : [34mSleeping for 900 seconds[0m
2022-08-30 00:30:25,039: root: INFO: Current backtesting datetime 2021-08-05 12:01:00-04:00
2022-08-30 00:30:25,040: root: INFO: MachineLearningStocks : Executing the on_trading_iteration lifecycle method
2022-08-30 00:30:25,040: root: INFO: Getting historical prices for SRNE, 30040 bars, minute
2022-08-30 00:31:19,434: root: INFO: MachineLearningStocks : [34mSleeping for 900 seconds[0m
2022-08-30 00:31:19,434: root: INFO: Current backtesting datetime 2021-08-05 12:16:00-04:00
2022-08-30 00:31:19,435: root: INFO: MachineLearningStocks : Executing the on_trading_iteration lifecycle method
2022-08-30 00:31:19,438: root: INFO: MachineLearningStocks : [34mSleeping for 900 seconds[0m
2022-08-30 00:31:19,438: root: INFO: Current backtesting datetime 2021-08-05 12:31:00-04:00
2022-08-30 00:31:19,439: root: INFO: MachineLearningStocks : Executing the on_trading_iteration lifecycle method
2022-08-30 00:31:19,439: root: INFO: Getting historical prices for SRNE, 30040 bars, minute
2022-08-30 00:32:13,937: root: INFO: MachineLearningStocks : [34mSleeping for 900 seconds[0m
2022-08-30 00:32:13,937: root: INFO: Current backtesting datetime 2021-08-05 12:46:00-04:00
2022-08-30 00:32:13,938: root: INFO: MachineLearningStocks : Executing the on_trading_iteration lifecycle method
2022-08-30 00:32:13,941: root: INFO: MachineLearningStocks : [34mSleeping for 900 seconds[0m
2022-08-30 00:32:13,941: root: INFO: Current backtesting datetime 2021-08-05 13:01:00-04:00
2022-08-30 00:32:13,941: root: INFO: MachineLearningStocks : Executing the on_trading_iteration lifecycle method
2022-08-30 00:32:13,942: root: INFO: Getting historical prices for SRNE, 30040 bars, minute
2022-08-30 00:33:08,391: root: INFO: MachineLearningStocks : [34mSleeping for 900 seconds[0m
2022-08-30 00:33:08,391: root: INFO: Current backtesting datetime 2021-08-05 13:16:00-04:00
2022-08-30 00:33:08,392: root: INFO: MachineLearningStocks : Executing the on_trading_iteration lifecycle method
2022-08-30 00:33:08,394: root: INFO: MachineLearningStocks : [34mSleeping for 900 seconds[0m
2022-08-30 00:33:08,395: root: INFO: Current backtesting datetime 2021-08-05 13:31:00-04:00
2022-08-30 00:33:08,395: root: INFO: MachineLearningStocks : Executing the on_trading_iteration lifecycle method
2022-08-30 00:33:08,396: root: INFO: Getting historical prices for SRNE, 30040 bars, minute
2022-08-30 00:34:02,982: root: INFO: MachineLearningStocks : [34mSleeping for 900 seconds[0m
2022-08-30 00:34:02,982: root: INFO: Current backtesting datetime 2021-08-05 13:46:00-04:00
2022-08-30 00:34:02,983: root: INFO: MachineLearningStocks : Executing the on_trading_iteration lifecycle method
2022-08-30 00:34:02,987: root: INFO: MachineLearningStocks : [34mSleeping for 900 seconds[0m
2022-08-30 00:34:02,987: root: INFO: Current backtesting datetime 2021-08-05 14:01:00-04:00
2022-08-30 00:34:02,987: root: INFO: MachineLearningStocks : Executing the on_trading_iteration lifecycle method
2022-08-30 00:34:02,988: root: INFO: Getting historical prices for SRNE, 30040 bars, minute
2022-08-30 00:34:57,514: root: INFO: MachineLearningStocks : [34mSleeping for 900 seconds[0m
2022-08-30 00:34:57,514: root: INFO: Current backtesting datetime 2021-08-05 14:16:00-04:00
2022-08-30 00:34:57,514: root: INFO: MachineLearningStocks : Executing the on_trading_iteration lifecycle method
2022-08-30 00:34:57,518: root: INFO: MachineLearningStocks : [34mSleeping for 900 seconds[0m
2022-08-30 00:34:57,518: root: INFO: Current backtesting datetime 2021-08-05 14:31:00-04:00
2022-08-30 00:34:57,518: root: INFO: MachineLearningStocks : Executing the on_trading_iteration lifecycle method
2022-08-30 00:34:57,519: root: INFO: Getting historical prices for SRNE, 30040 bars, minute
2022-08-30 00:35:52,194: root: INFO: MachineLearningStocks : [34mSleeping for 900 seconds[0m
2022-08-30 00:35:52,195: root: INFO: Current backtesting datetime 2021-08-05 14:46:00-04:00
2022-08-30 00:35:52,195: root: INFO: MachineLearningStocks : Executing the on_trading_iteration lifecycle method
2022-08-30 00:35:52,198: root: INFO: MachineLearningStocks : [34mSleeping for 900 seconds[0m
2022-08-30 00:35:52,199: root: INFO: Current backtesting datetime 2021-08-05 15:01:00-04:00
2022-08-30 00:35:52,199: root: INFO: MachineLearningStocks : Executing the on_trading_iteration lifecycle method
2022-08-30 00:35:52,200: root: INFO: Getting historical prices for SRNE, 30040 bars, minute
2022-08-30 00:36:46,895: root: INFO: MachineLearningStocks : [34mSleeping for 900 seconds[0m
2022-08-30 00:36:46,895: root: INFO: Current backtesting datetime 2021-08-05 15:16:00-04:00
2022-08-30 00:36:46,896: root: INFO: MachineLearningStocks : Executing the on_trading_iteration lifecycle method
2022-08-30 00:36:46,899: root: INFO: MachineLearningStocks : [34mSleeping for 900 seconds[0m
2022-08-30 00:36:46,899: root: INFO: Current backtesting datetime 2021-08-05 15:31:00-04:00
2022-08-30 00:36:46,900: root: INFO: MachineLearningStocks : Executing the on_trading_iteration lifecycle method
2022-08-30 00:36:46,900: root: INFO: Getting historical prices for SRNE, 30040 bars, minute
2022-08-30 00:37:41,548: root: INFO: MachineLearningStocks : [34mSleeping for 900 seconds[0m
2022-08-30 00:37:41,548: root: INFO: Current backtesting datetime 2021-08-05 15:46:00-04:00
2022-08-30 00:37:41,549: root: INFO: MachineLearningStocks : Executing the on_trading_iteration lifecycle method
2022-08-30 00:37:41,551: root: INFO: MachineLearningStocks : [34mSleeping for 900 seconds[0m
2022-08-30 00:37:41,552: root: INFO: Current backtesting datetime 2021-08-05 16:01:00-04:00
2022-08-30 00:37:41,554: root: INFO: MachineLearningStocks : Executing the on_trading_iteration lifecycle method
2022-08-30 00:37:41,556: root: INFO: Getting historical prices for SRNE, 30040 bars, minute
2022-08-30 00:38:36,336: root: INFO: Current backtesting datetime 2021-08-05 15:56:00-04:00
2022-08-30 00:38:36,337: root: INFO: MachineLearningStocks : Executing the before_market_closes lifecycle method
2022-08-30 00:38:36,337: root: WARNING: Strategy MachineLearningStocks: sell all
2022-08-30 00:38:36,338: root: INFO: market order of | 2364 SRNE buy | with status unprocessed was canceled.
2022-08-30 00:38:36,340: root: INFO: MachineLearningStocks : Executing the on_canceled_order event method
2022-08-30 00:38:36,342: root: INFO: Current backtesting datetime 2021-08-05 15:59:00-04:00
2022-08-30 00:38:36,342: root: INFO: MachineLearningStocks : Executing the after_market_closes lifecycle method
2022-08-30 00:38:36,343: root: INFO: Current backtesting datetime 2021-08-06 09:30:00-04:00
2022-08-30 00:38:36,344: root: INFO: MachineLearningStocks : Executing the before_starting_trading lifecycle method
2022-08-30 00:38:36,345: root: INFO: [32mFilled Transaction: sell 2468 of SRNE at 8.53000000 USD per share[0m
2022-08-30 00:38:36,345: root: INFO: market order of | 2468 SRNE sell | with status unprocessed was filled
2022-08-30 00:38:36,345: root: INFO: Position 0.000000 shares of SRNE liquidated
2022-08-30 00:38:36,347: root: INFO: MachineLearningStocks : Executing the on_filled_order event method
2022-08-30 00:38:36,348: root: INFO: MachineLearningStocks : Executing the on_trading_iteration lifecycle method
2022-08-30 00:38:36,348: root: INFO: Getting historical prices for SRNE, 30040 bars, minute
2022-08-30 00:39:30,802: root: INFO: MachineLearningStocks : [34mSleeping for 900 seconds[0m
2022-08-30 00:39:30,802: root: INFO: Current backtesting datetime 2021-08-06 09:45:00-04:00
2022-08-30 00:39:30,803: root: INFO: MachineLearningStocks : Executing the on_trading_iteration lifecycle method
2022-08-30 00:39:30,806: root: INFO: MachineLearningStocks : [34mSleeping for 900 seconds[0m
2022-08-30 00:39:30,806: root: INFO: Current backtesting datetime 2021-08-06 10:00:00-04:00
2022-08-30 00:39:30,806: root: INFO: MachineLearningStocks : Executing the on_trading_iteration lifecycle method
2022-08-30 00:39:30,807: root: INFO: Getting historical prices for SRNE, 30040 bars, minute
2022-08-30 00:40:25,428: root: INFO: MachineLearningStocks : [34mSleeping for 900 seconds[0m
2022-08-30 00:40:25,428: root: INFO: Current backtesting datetime 2021-08-06 10:15:00-04:00
2022-08-30 00:40:25,428: root: INFO: MachineLearningStocks : Executing the on_trading_iteration lifecycle method
2022-08-30 00:40:25,431: root: INFO: MachineLearningStocks : [34mSleeping for 900 seconds[0m
2022-08-30 00:40:25,432: root: INFO: Current backtesting datetime 2021-08-06 10:30:00-04:00
2022-08-30 00:40:25,432: root: INFO: MachineLearningStocks : Executing the on_trading_iteration lifecycle method
2022-08-30 00:40:25,432: root: INFO: Getting historical prices for SRNE, 30040 bars, minute
2022-08-30 00:41:20,141: root: INFO: MachineLearningStocks : [34mSleeping for 900 seconds[0m
2022-08-30 00:41:20,141: root: INFO: Current backtesting datetime 2021-08-06 10:45:00-04:00
2022-08-30 00:41:20,141: root: INFO: MachineLearningStocks : Executing the on_trading_iteration lifecycle method
2022-08-30 00:41:20,144: root: INFO: MachineLearningStocks : [34mSleeping for 900 seconds[0m
2022-08-30 00:41:20,145: root: INFO: Current backtesting datetime 2021-08-06 11:00:00-04:00
2022-08-30 00:41:20,145: root: INFO: MachineLearningStocks : Executing the on_trading_iteration lifecycle method
2022-08-30 00:41:20,145: root: INFO: Getting historical prices for SRNE, 30040 bars, minute
2022-08-30 00:42:14,982: root: INFO: MachineLearningStocks : [34mSleeping for 900 seconds[0m
2022-08-30 00:42:14,982: root: INFO: Current backtesting datetime 2021-08-06 11:15:00-04:00
2022-08-30 00:42:14,982: root: INFO: MachineLearningStocks : Executing the on_trading_iteration lifecycle method
2022-08-30 00:42:14,985: root: INFO: MachineLearningStocks : [34mSleeping for 900 seconds[0m
2022-08-30 00:42:14,986: root: INFO: Current backtesting datetime 2021-08-06 11:30:00-04:00
2022-08-30 00:42:14,986: root: INFO: MachineLearningStocks : Executing the on_trading_iteration lifecycle method
2022-08-30 00:42:14,986: root: INFO: Getting historical prices for SRNE, 30040 bars, minute
2022-08-30 00:43:09,849: root: INFO: MachineLearningStocks : [34mSleeping for 900 seconds[0m
2022-08-30 00:43:09,849: root: INFO: Current backtesting datetime 2021-08-06 11:45:00-04:00
2022-08-30 00:43:09,850: root: INFO: MachineLearningStocks : Executing the on_trading_iteration lifecycle method
2022-08-30 00:43:09,853: root: INFO: MachineLearningStocks : [34mSleeping for 900 seconds[0m
2022-08-30 00:43:09,853: root: INFO: Current backtesting datetime 2021-08-06 12:00:00-04:00
2022-08-30 00:43:09,853: root: INFO: MachineLearningStocks : Executing the on_trading_iteration lifecycle method
2022-08-30 00:43:09,854: root: INFO: Getting historical prices for SRNE, 30040 bars, minute
2022-08-30 00:44:04,720: root: INFO: MachineLearningStocks : [34mSleeping for 900 seconds[0m
2022-08-30 00:44:04,720: root: INFO: Current backtesting datetime 2021-08-06 12:15:00-04:00
2022-08-30 00:44:04,720: root: INFO: MachineLearningStocks : Executing the on_trading_iteration lifecycle method
2022-08-30 00:44:04,723: root: INFO: MachineLearningStocks : [34mSleeping for 900 seconds[0m
2022-08-30 00:44:04,724: root: INFO: Current backtesting datetime 2021-08-06 12:30:00-04:00
2022-08-30 00:44:04,724: root: INFO: MachineLearningStocks : Executing the on_trading_iteration lifecycle method
2022-08-30 00:44:04,724: root: INFO: Getting historical prices for SRNE, 30040 bars, minute
2022-08-30 00:44:59,407: root: INFO: MachineLearningStocks : [34mSleeping for 900 seconds[0m
2022-08-30 00:44:59,407: root: INFO: Current backtesting datetime 2021-08-06 12:45:00-04:00
2022-08-30 00:44:59,407: root: INFO: MachineLearningStocks : Executing the on_trading_iteration lifecycle method
2022-08-30 00:44:59,410: root: INFO: MachineLearningStocks : [34mSleeping for 900 seconds[0m
2022-08-30 00:44:59,410: root: INFO: Current backtesting datetime 2021-08-06 13:00:00-04:00
2022-08-30 00:44:59,411: root: INFO: MachineLearningStocks : Executing the on_trading_iteration lifecycle method
2022-08-30 00:44:59,411: root: INFO: Getting historical prices for SRNE, 30040 bars, minute
2022-08-30 00:45:54,263: root: INFO: MachineLearningStocks : [34mSleeping for 900 seconds[0m
2022-08-30 00:45:54,263: root: INFO: Current backtesting datetime 2021-08-06 13:15:00-04:00
2022-08-30 00:45:54,263: root: INFO: MachineLearningStocks : Executing the on_trading_iteration lifecycle method
2022-08-30 00:45:54,267: root: INFO: MachineLearningStocks : [34mSleeping for 900 seconds[0m
2022-08-30 00:45:54,267: root: INFO: Current backtesting datetime 2021-08-06 13:30:00-04:00
2022-08-30 00:45:54,267: root: INFO: MachineLearningStocks : Executing the on_trading_iteration lifecycle method
2022-08-30 00:45:54,268: root: INFO: Getting historical prices for SRNE, 30040 bars, minute
2022-08-30 00:46:49,020: root: INFO: MachineLearningStocks : [34mSleeping for 900 seconds[0m
2022-08-30 00:46:49,020: root: INFO: Current backtesting datetime 2021-08-06 13:45:00-04:00
2022-08-30 00:46:49,020: root: INFO: MachineLearningStocks : Executing the on_trading_iteration lifecycle method
2022-08-30 00:46:49,023: root: INFO: MachineLearningStocks : [34mSleeping for 900 seconds[0m
2022-08-30 00:46:49,023: root: INFO: Current backtesting datetime 2021-08-06 14:00:00-04:00
2022-08-30 00:46:49,024: root: INFO: MachineLearningStocks : Executing the on_trading_iteration lifecycle method
2022-08-30 00:46:49,024: root: INFO: Getting historical prices for SRNE, 30040 bars, minute
2022-08-30 00:47:43,666: root: INFO: MachineLearningStocks : [34mSleeping for 900 seconds[0m
2022-08-30 00:47:43,667: root: INFO: Current backtesting datetime 2021-08-06 14:15:00-04:00
2022-08-30 00:47:43,667: root: INFO: MachineLearningStocks : Executing the on_trading_iteration lifecycle method
2022-08-30 00:47:43,670: root: INFO: MachineLearningStocks : [34mSleeping for 900 seconds[0m
2022-08-30 00:47:43,670: root: INFO: Current backtesting datetime 2021-08-06 14:30:00-04:00
2022-08-30 00:47:43,671: root: INFO: MachineLearningStocks : Executing the on_trading_iteration lifecycle method
2022-08-30 00:47:43,671: root: INFO: Getting historical prices for SRNE, 30040 bars, minute
2022-08-30 00:48:38,487: root: INFO: MachineLearningStocks : [34mSleeping for 900 seconds[0m
2022-08-30 00:48:38,488: root: INFO: Current backtesting datetime 2021-08-06 14:45:00-04:00
2022-08-30 00:48:38,488: root: INFO: MachineLearningStocks : Executing the on_trading_iteration lifecycle method
2022-08-30 00:48:38,491: root: INFO: MachineLearningStocks : [34mSleeping for 900 seconds[0m
2022-08-30 00:48:38,491: root: INFO: Current backtesting datetime 2021-08-06 15:00:00-04:00
2022-08-30 00:48:38,492: root: INFO: MachineLearningStocks : Executing the on_trading_iteration lifecycle method
2022-08-30 00:48:38,492: root: INFO: Getting historical prices for SRNE, 30040 bars, minute
2022-08-30 00:49:33,286: root: INFO: MachineLearningStocks : [34mSleeping for 900 seconds[0m
2022-08-30 00:49:33,286: root: INFO: Current backtesting datetime 2021-08-06 15:15:00-04:00
2022-08-30 00:49:33,287: root: INFO: MachineLearningStocks : Executing the on_trading_iteration lifecycle method
2022-08-30 00:49:33,290: root: INFO: MachineLearningStocks : [34mSleeping for 900 seconds[0m
2022-08-30 00:49:33,290: root: INFO: Current backtesting datetime 2021-08-06 15:30:00-04:00
2022-08-30 00:49:33,290: root: INFO: MachineLearningStocks : Executing the on_trading_iteration lifecycle method
2022-08-30 00:49:33,291: root: INFO: Getting historical prices for SRNE, 30040 bars, minute
2022-08-30 00:50:28,199: root: INFO: MachineLearningStocks : [34mSleeping for 900 seconds[0m
2022-08-30 00:50:28,200: root: INFO: Current backtesting datetime 2021-08-06 15:45:00-04:00
2022-08-30 00:50:28,200: root: INFO: MachineLearningStocks : Executing the on_trading_iteration lifecycle method
2022-08-30 00:50:28,203: root: INFO: MachineLearningStocks : [34mSleeping for 900 seconds[0m
2022-08-30 00:50:28,203: root: INFO: Current backtesting datetime 2021-08-06 16:00:00-04:00
2022-08-30 00:50:28,204: root: INFO: MachineLearningStocks : Executing the on_trading_iteration lifecycle method
2022-08-30 00:50:28,206: root: INFO: Getting historical prices for SRNE, 30040 bars, minute
2022-08-30 00:51:22,968: root: INFO: Current backtesting datetime 2021-08-06 15:55:00-04:00
2022-08-30 00:51:22,969: root: INFO: MachineLearningStocks : Executing the before_market_closes lifecycle method
2022-08-30 00:51:22,969: root: WARNING: Strategy MachineLearningStocks: sell all
2022-08-30 00:51:22,970: root: INFO: Current backtesting datetime 2021-08-06 15:59:00-04:00
2022-08-30 00:51:22,971: root: INFO: MachineLearningStocks : Executing the after_market_closes lifecycle method
2022-08-30 00:51:22,972: root: INFO: Current backtesting datetime 2021-08-09 09:30:00-04:00
2022-08-30 00:51:22,972: root: INFO: MachineLearningStocks : Executing the before_starting_trading lifecycle method
2022-08-30 00:51:22,973: root: INFO: MachineLearningStocks : Executing the on_trading_iteration lifecycle method
2022-08-30 00:51:22,973: root: INFO: Getting historical prices for SRNE, 30040 bars, minute
2022-08-30 00:52:17,801: root: INFO: MachineLearningStocks : [34mSleeping for 900 seconds[0m
2022-08-30 00:52:17,802: root: INFO: Current backtesting datetime 2021-08-09 09:45:00-04:00
2022-08-30 00:52:17,802: root: INFO: MachineLearningStocks : Executing the on_trading_iteration lifecycle method
2022-08-30 00:52:17,805: root: INFO: MachineLearningStocks : [34mSleeping for 900 seconds[0m
2022-08-30 00:52:17,805: root: INFO: Current backtesting datetime 2021-08-09 10:00:00-04:00
2022-08-30 00:52:17,806: root: INFO: MachineLearningStocks : Executing the on_trading_iteration lifecycle method
2022-08-30 00:52:17,806: root: INFO: Getting historical prices for SRNE, 30040 bars, minute
2022-08-30 00:53:12,540: root: INFO: MachineLearningStocks : [34mSleeping for 900 seconds[0m
2022-08-30 00:53:12,540: root: INFO: Current backtesting datetime 2021-08-09 10:15:00-04:00
2022-08-30 00:53:12,540: root: INFO: MachineLearningStocks : Executing the on_trading_iteration lifecycle method
2022-08-30 00:53:12,543: root: INFO: MachineLearningStocks : [34mSleeping for 900 seconds[0m
2022-08-30 00:53:12,544: root: INFO: Current backtesting datetime 2021-08-09 10:30:00-04:00
2022-08-30 00:53:12,544: root: INFO: MachineLearningStocks : Executing the on_trading_iteration lifecycle method
2022-08-30 00:53:12,544: root: INFO: Getting historical prices for SRNE, 30040 bars, minute
2022-08-30 00:54:07,649: root: INFO: MachineLearningStocks : [34mSleeping for 900 seconds[0m
2022-08-30 00:54:07,650: root: INFO: Current backtesting datetime 2021-08-09 10:45:00-04:00
2022-08-30 00:54:07,651: root: INFO: MachineLearningStocks : Executing the on_trading_iteration lifecycle method
2022-08-30 00:54:07,654: root: INFO: MachineLearningStocks : [34mSleeping for 900 seconds[0m
2022-08-30 00:54:07,654: root: INFO: Current backtesting datetime 2021-08-09 11:00:00-04:00
2022-08-30 00:54:07,654: root: INFO: MachineLearningStocks : Executing the on_trading_iteration lifecycle method
2022-08-30 00:54:07,655: root: INFO: Getting historical prices for SRNE, 30040 bars, minute
2022-08-30 00:55:02,744: root: INFO: MachineLearningStocks : [34mSleeping for 900 seconds[0m
2022-08-30 00:55:02,745: root: INFO: Current backtesting datetime 2021-08-09 11:15:00-04:00
2022-08-30 00:55:02,745: root: INFO: MachineLearningStocks : Executing the on_trading_iteration lifecycle method
2022-08-30 00:55:02,748: root: INFO: MachineLearningStocks : [34mSleeping for 900 seconds[0m
2022-08-30 00:55:02,748: root: INFO: Current backtesting datetime 2021-08-09 11:30:00-04:00
2022-08-30 00:55:02,749: root: INFO: MachineLearningStocks : Executing the on_trading_iteration lifecycle method
2022-08-30 00:55:02,749: root: INFO: Getting historical prices for SRNE, 30040 bars, minute
2022-08-30 00:55:57,711: root: INFO: MachineLearningStocks : [34mSleeping for 900 seconds[0m
2022-08-30 00:55:57,712: root: INFO: Current backtesting datetime 2021-08-09 11:45:00-04:00
2022-08-30 00:55:57,712: root: INFO: MachineLearningStocks : Executing the on_trading_iteration lifecycle method
2022-08-30 00:55:57,715: root: INFO: MachineLearningStocks : [34mSleeping for 900 seconds[0m
2022-08-30 00:55:57,715: root: INFO: Current backtesting datetime 2021-08-09 12:00:00-04:00
2022-08-30 00:55:57,716: root: INFO: MachineLearningStocks : Executing the on_trading_iteration lifecycle method
2022-08-30 00:55:57,716: root: INFO: Getting historical prices for SRNE, 30040 bars, minute
2022-08-30 00:56:52,856: root: INFO: MachineLearningStocks : [34mSleeping for 900 seconds[0m
2022-08-30 00:56:52,856: root: INFO: Current backtesting datetime 2021-08-09 12:15:00-04:00
2022-08-30 00:56:52,857: root: INFO: MachineLearningStocks : Executing the on_trading_iteration lifecycle method
2022-08-30 00:56:52,860: root: INFO: MachineLearningStocks : [34mSleeping for 900 seconds[0m
2022-08-30 00:56:52,860: root: INFO: Current backtesting datetime 2021-08-09 12:30:00-04:00
2022-08-30 00:56:52,860: root: INFO: MachineLearningStocks : Executing the on_trading_iteration lifecycle method
2022-08-30 00:56:52,861: root: INFO: Getting historical prices for SRNE, 30040 bars, minute
2022-08-30 00:57:48,090: root: INFO: MachineLearningStocks : [34mSleeping for 900 seconds[0m
2022-08-30 00:57:48,090: root: INFO: Current backtesting datetime 2021-08-09 12:45:00-04:00
2022-08-30 00:57:48,091: root: INFO: MachineLearningStocks : Executing the on_trading_iteration lifecycle method
2022-08-30 00:57:48,094: root: INFO: MachineLearningStocks : [34mSleeping for 900 seconds[0m
2022-08-30 00:57:48,094: root: INFO: Current backtesting datetime 2021-08-09 13:00:00-04:00
2022-08-30 00:57:48,094: root: INFO: MachineLearningStocks : Executing the on_trading_iteration lifecycle method
2022-08-30 00:57:48,095: root: INFO: Getting historical prices for SRNE, 30040 bars, minute
2022-08-30 00:58:43,311: root: INFO: MachineLearningStocks : [34mSleeping for 900 seconds[0m
2022-08-30 00:58:43,311: root: INFO: Current backtesting datetime 2021-08-09 13:15:00-04:00
2022-08-30 00:58:43,311: root: INFO: MachineLearningStocks : Executing the on_trading_iteration lifecycle method
2022-08-30 00:58:43,314: root: INFO: MachineLearningStocks : [34mSleeping for 900 seconds[0m
2022-08-30 00:58:43,315: root: INFO: Current backtesting datetime 2021-08-09 13:30:00-04:00
2022-08-30 00:58:43,315: root: INFO: MachineLearningStocks : Executing the on_trading_iteration lifecycle method
2022-08-30 00:58:43,315: root: INFO: Getting historical prices for SRNE, 30040 bars, minute
2022-08-30 00:59:38,499: root: INFO: MachineLearningStocks : [34mSleeping for 900 seconds[0m
2022-08-30 00:59:38,499: root: INFO: Current backtesting datetime 2021-08-09 13:45:00-04:00
2022-08-30 00:59:38,501: root: INFO: MachineLearningStocks : Executing the on_trading_iteration lifecycle method
2022-08-30 00:59:38,503: root: INFO: MachineLearningStocks : [34mSleeping for 900 seconds[0m
2022-08-30 00:59:38,504: root: INFO: Current backtesting datetime 2021-08-09 14:00:00-04:00
2022-08-30 00:59:38,504: root: INFO: MachineLearningStocks : Executing the on_trading_iteration lifecycle method
2022-08-30 00:59:38,504: root: INFO: Getting historical prices for SRNE, 30040 bars, minute
2022-08-30 01:00:33,778: root: INFO: MachineLearningStocks : [34mSleeping for 900 seconds[0m
2022-08-30 01:00:33,778: root: INFO: Current backtesting datetime 2021-08-09 14:15:00-04:00
2022-08-30 01:00:33,779: root: INFO: MachineLearningStocks : Executing the on_trading_iteration lifecycle method
2022-08-30 01:00:33,782: root: INFO: MachineLearningStocks : [34mSleeping for 900 seconds[0m
2022-08-30 01:00:33,782: root: INFO: Current backtesting datetime 2021-08-09 14:30:00-04:00
2022-08-30 01:00:33,782: root: INFO: MachineLearningStocks : Executing the on_trading_iteration lifecycle method
2022-08-30 01:00:33,783: root: INFO: Getting historical prices for SRNE, 30040 bars, minute
2022-08-30 01:01:29,040: root: INFO: MachineLearningStocks : [34mSleeping for 900 seconds[0m
2022-08-30 01:01:29,041: root: INFO: Current backtesting datetime 2021-08-09 14:45:00-04:00
2022-08-30 01:01:29,041: root: INFO: MachineLearningStocks : Executing the on_trading_iteration lifecycle method
2022-08-30 01:01:29,045: root: INFO: MachineLearningStocks : [34mSleeping for 900 seconds[0m
2022-08-30 01:01:29,045: root: INFO: Current backtesting datetime 2021-08-09 15:00:00-04:00
2022-08-30 01:01:29,046: root: INFO: MachineLearningStocks : Executing the on_trading_iteration lifecycle method
2022-08-30 01:01:29,046: root: INFO: Getting historical prices for SRNE, 30040 bars, minute
2022-08-30 01:02:24,676: root: INFO: MachineLearningStocks : [34mSleeping for 900 seconds[0m
2022-08-30 01:02:24,676: root: INFO: Current backtesting datetime 2021-08-09 15:15:00-04:00
2022-08-30 01:02:24,676: root: INFO: MachineLearningStocks : Executing the on_trading_iteration lifecycle method
2022-08-30 01:02:24,680: root: INFO: MachineLearningStocks : [34mSleeping for 900 seconds[0m
2022-08-30 01:02:24,680: root: INFO: Current backtesting datetime 2021-08-09 15:30:00-04:00
2022-08-30 01:02:24,680: root: INFO: MachineLearningStocks : Executing the on_trading_iteration lifecycle method
2022-08-30 01:02:24,681: root: INFO: Getting historical prices for SRNE, 30040 bars, minute
2022-08-30 01:03:20,014: root: INFO: MachineLearningStocks : [34mSleeping for 900 seconds[0m
2022-08-30 01:03:20,015: root: INFO: Current backtesting datetime 2021-08-09 15:45:00-04:00
2022-08-30 01:03:20,015: root: INFO: MachineLearningStocks : Executing the on_trading_iteration lifecycle method
2022-08-30 01:03:20,018: root: INFO: MachineLearningStocks : [34mSleeping for 900 seconds[0m
2022-08-30 01:03:20,018: root: INFO: Current backtesting datetime 2021-08-09 16:00:00-04:00
2022-08-30 01:03:20,019: root: INFO: MachineLearningStocks : Executing the on_trading_iteration lifecycle method
2022-08-30 01:03:20,021: root: INFO: Getting historical prices for SRNE, 30040 bars, minute
2022-08-30 01:04:15,269: root: INFO: Current backtesting datetime 2021-08-09 15:55:00-04:00
2022-08-30 01:04:15,270: root: INFO: MachineLearningStocks : Executing the before_market_closes lifecycle method
2022-08-30 01:04:15,270: root: WARNING: Strategy MachineLearningStocks: sell all
2022-08-30 01:04:15,270: root: INFO: market order of | 2300 SRNE buy | with status unprocessed was canceled.
2022-08-30 01:04:15,273: root: INFO: MachineLearningStocks : Executing the on_canceled_order event method
2022-08-30 01:04:15,274: root: INFO: Current backtesting datetime 2021-08-09 15:59:00-04:00
2022-08-30 01:04:15,274: root: INFO: MachineLearningStocks : Executing the after_market_closes lifecycle method
2022-08-30 01:04:15,275: root: INFO: Current backtesting datetime 2021-08-10 09:30:00-04:00
2022-08-30 01:04:15,276: root: INFO: MachineLearningStocks : Executing the before_starting_trading lifecycle method
2022-08-30 01:04:15,277: root: INFO: MachineLearningStocks : Executing the on_trading_iteration lifecycle method
2022-08-30 01:04:15,277: root: INFO: Getting historical prices for SRNE, 30040 bars, minute
2022-08-30 01:05:10,685: root: INFO: MachineLearningStocks : [34mSleeping for 900 seconds[0m
2022-08-30 01:05:10,685: root: INFO: Current backtesting datetime 2021-08-10 09:45:00-04:00
2022-08-30 01:05:10,686: root: INFO: [32mFilled Transaction: buy 2306 of SRNE at 8.68000000 USD per share[0m
2022-08-30 01:05:10,686: root: INFO: market order of | 2306 SRNE buy | with status unprocessed was filled
2022-08-30 01:05:10,688: root: INFO: MachineLearningStocks : Executing the on_filled_order event method
2022-08-30 01:05:10,689: root: INFO: MachineLearningStocks : Executing the on_trading_iteration lifecycle method
2022-08-30 01:05:10,691: root: INFO: MachineLearningStocks : [34mSleeping for 900 seconds[0m
2022-08-30 01:05:10,692: root: INFO: Current backtesting datetime 2021-08-10 10:00:00-04:00
2022-08-30 01:05:10,692: root: INFO: MachineLearningStocks : Executing the on_trading_iteration lifecycle method
2022-08-30 01:05:10,693: root: INFO: Getting historical prices for SRNE, 30040 bars, minute
2022-08-30 01:06:06,226: root: INFO: MachineLearningStocks : [34mSleeping for 900 seconds[0m
2022-08-30 01:06:06,226: root: INFO: Current backtesting datetime 2021-08-10 10:15:00-04:00
2022-08-30 01:06:06,227: root: INFO: MachineLearningStocks : Executing the on_trading_iteration lifecycle method
2022-08-30 01:06:06,230: root: INFO: MachineLearningStocks : [34mSleeping for 900 seconds[0m
2022-08-30 01:06:06,230: root: INFO: Current backtesting datetime 2021-08-10 10:30:00-04:00
2022-08-30 01:06:06,231: root: INFO: MachineLearningStocks : Executing the on_trading_iteration lifecycle method
2022-08-30 01:06:06,231: root: INFO: Getting historical prices for SRNE, 30040 bars, minute
2022-08-30 01:07:01,792: root: INFO: MachineLearningStocks : [34mSleeping for 900 seconds[0m
2022-08-30 01:07:01,793: root: INFO: Current backtesting datetime 2021-08-10 10:45:00-04:00
2022-08-30 01:07:01,794: root: INFO: MachineLearningStocks : Executing the on_trading_iteration lifecycle method
2022-08-30 01:07:01,799: root: INFO: MachineLearningStocks : [34mSleeping for 900 seconds[0m
2022-08-30 01:07:01,799: root: INFO: Current backtesting datetime 2021-08-10 11:00:00-04:00
2022-08-30 01:07:01,800: root: INFO: MachineLearningStocks : Executing the on_trading_iteration lifecycle method
2022-08-30 01:07:01,801: root: INFO: Getting historical prices for SRNE, 30040 bars, minute
2022-08-30 01:07:56,973: root: INFO: MachineLearningStocks : [34mSleeping for 900 seconds[0m
2022-08-30 01:07:56,974: root: INFO: Current backtesting datetime 2021-08-10 11:15:00-04:00
2022-08-30 01:07:56,975: root: INFO: MachineLearningStocks : Executing the on_trading_iteration lifecycle method
2022-08-30 01:07:56,978: root: INFO: MachineLearningStocks : [34mSleeping for 900 seconds[0m
2022-08-30 01:07:56,979: root: INFO: Current backtesting datetime 2021-08-10 11:30:00-04:00
2022-08-30 01:07:56,979: root: INFO: MachineLearningStocks : Executing the on_trading_iteration lifecycle method
2022-08-30 01:07:56,980: root: INFO: Getting historical prices for SRNE, 30040 bars, minute
2022-08-30 01:08:52,109: root: INFO: MachineLearningStocks : [34mSleeping for 900 seconds[0m
2022-08-30 01:08:52,109: root: INFO: Current backtesting datetime 2021-08-10 11:45:00-04:00
2022-08-30 01:08:52,110: root: INFO: MachineLearningStocks : Executing the on_trading_iteration lifecycle method
2022-08-30 01:08:52,113: root: INFO: MachineLearningStocks : [34mSleeping for 900 seconds[0m
2022-08-30 01:08:52,113: root: INFO: Current backtesting datetime 2021-08-10 12:00:00-04:00
2022-08-30 01:08:52,113: root: INFO: MachineLearningStocks : Executing the on_trading_iteration lifecycle method
2022-08-30 01:08:52,114: root: INFO: Getting historical prices for SRNE, 30040 bars, minute
2022-08-30 01:09:47,924: root: INFO: MachineLearningStocks : [34mSleeping for 900 seconds[0m
2022-08-30 01:09:47,924: root: INFO: Current backtesting datetime 2021-08-10 12:15:00-04:00
2022-08-30 01:09:47,925: root: INFO: MachineLearningStocks : Executing the on_trading_iteration lifecycle method
2022-08-30 01:09:47,928: root: INFO: MachineLearningStocks : [34mSleeping for 900 seconds[0m
2022-08-30 01:09:47,928: root: INFO: Current backtesting datetime 2021-08-10 12:30:00-04:00
2022-08-30 01:09:47,928: root: INFO: MachineLearningStocks : Executing the on_trading_iteration lifecycle method
2022-08-30 01:09:47,929: root: INFO: Getting historical prices for SRNE, 30040 bars, minute
2022-08-30 01:10:43,425: root: INFO: MachineLearningStocks : [34mSleeping for 900 seconds[0m
2022-08-30 01:10:43,426: root: INFO: Current backtesting datetime 2021-08-10 12:45:00-04:00
2022-08-30 01:10:43,426: root: INFO: MachineLearningStocks : Executing the on_trading_iteration lifecycle method
2022-08-30 01:10:43,429: root: INFO: MachineLearningStocks : [34mSleeping for 900 seconds[0m
2022-08-30 01:10:43,430: root: INFO: Current backtesting datetime 2021-08-10 13:00:00-04:00
2022-08-30 01:10:43,430: root: INFO: MachineLearningStocks : Executing the on_trading_iteration lifecycle method
2022-08-30 01:10:43,431: root: INFO: Getting historical prices for SRNE, 30040 bars, minute
2022-08-30 01:11:38,893: root: INFO: MachineLearningStocks : [34mSleeping for 900 seconds[0m
2022-08-30 01:11:38,893: root: INFO: Current backtesting datetime 2021-08-10 13:15:00-04:00
2022-08-30 01:11:38,894: root: INFO: MachineLearningStocks : Executing the on_trading_iteration lifecycle method
2022-08-30 01:11:38,897: root: INFO: MachineLearningStocks : [34mSleeping for 900 seconds[0m
2022-08-30 01:11:38,897: root: INFO: Current backtesting datetime 2021-08-10 13:30:00-04:00
2022-08-30 01:11:38,898: root: INFO: MachineLearningStocks : Executing the on_trading_iteration lifecycle method
2022-08-30 01:11:38,898: root: INFO: Getting historical prices for SRNE, 30040 bars, minute
2022-08-30 01:12:34,431: root: INFO: MachineLearningStocks : [34mSleeping for 900 seconds[0m
2022-08-30 01:12:34,431: root: INFO: Current backtesting datetime 2021-08-10 13:45:00-04:00
2022-08-30 01:12:34,433: root: INFO: MachineLearningStocks : Executing the on_trading_iteration lifecycle method
2022-08-30 01:12:34,436: root: INFO: MachineLearningStocks : [34mSleeping for 900 seconds[0m
2022-08-30 01:12:34,436: root: INFO: Current backtesting datetime 2021-08-10 14:00:00-04:00
2022-08-30 01:12:34,437: root: INFO: MachineLearningStocks : Executing the on_trading_iteration lifecycle method
2022-08-30 01:12:34,438: root: INFO: Getting historical prices for SRNE, 30040 bars, minute
2022-08-30 01:13:29,914: root: INFO: MachineLearningStocks : [34mSleeping for 900 seconds[0m
2022-08-30 01:13:29,914: root: INFO: Current backtesting datetime 2021-08-10 14:15:00-04:00
2022-08-30 01:13:29,915: root: INFO: MachineLearningStocks : Executing the on_trading_iteration lifecycle method
2022-08-30 01:13:29,918: root: INFO: MachineLearningStocks : [34mSleeping for 900 seconds[0m
2022-08-30 01:13:29,919: root: INFO: Current backtesting datetime 2021-08-10 14:30:00-04:00
2022-08-30 01:13:29,919: root: INFO: MachineLearningStocks : Executing the on_trading_iteration lifecycle method
2022-08-30 01:13:29,920: root: INFO: Getting historical prices for SRNE, 30040 bars, minute
2022-08-30 01:14:25,426: root: INFO: MachineLearningStocks : [34mSleeping for 900 seconds[0m
2022-08-30 01:14:25,426: root: INFO: Current backtesting datetime 2021-08-10 14:45:00-04:00
2022-08-30 01:14:25,427: root: INFO: MachineLearningStocks : Executing the on_trading_iteration lifecycle method
2022-08-30 01:14:25,430: root: INFO: MachineLearningStocks : [34mSleeping for 900 seconds[0m
2022-08-30 01:14:25,430: root: INFO: Current backtesting datetime 2021-08-10 15:00:00-04:00
2022-08-30 01:14:25,431: root: INFO: MachineLearningStocks : Executing the on_trading_iteration lifecycle method
2022-08-30 01:14:25,431: root: INFO: Getting historical prices for SRNE, 30040 bars, minute
2022-08-30 01:15:21,030: root: INFO: MachineLearningStocks : [34mSleeping for 900 seconds[0m
2022-08-30 01:15:21,030: root: INFO: Current backtesting datetime 2021-08-10 15:15:00-04:00
2022-08-30 01:15:21,031: root: INFO: MachineLearningStocks : Executing the on_trading_iteration lifecycle method
2022-08-30 01:15:21,034: root: INFO: MachineLearningStocks : [34mSleeping for 900 seconds[0m
2022-08-30 01:15:21,034: root: INFO: Current backtesting datetime 2021-08-10 15:30:00-04:00
2022-08-30 01:15:21,035: root: INFO: MachineLearningStocks : Executing the on_trading_iteration lifecycle method
2022-08-30 01:15:21,035: root: INFO: Getting historical prices for SRNE, 30040 bars, minute
2022-08-30 01:16:16,433: root: INFO: MachineLearningStocks : [34mSleeping for 900 seconds[0m
2022-08-30 01:16:16,433: root: INFO: Current backtesting datetime 2021-08-10 15:45:00-04:00
2022-08-30 01:16:16,434: root: INFO: MachineLearningStocks : Executing the on_trading_iteration lifecycle method
2022-08-30 01:16:16,436: root: INFO: MachineLearningStocks : [34mSleeping for 900 seconds[0m
2022-08-30 01:16:16,437: root: INFO: Current backtesting datetime 2021-08-10 16:00:00-04:00
2022-08-30 01:16:16,439: root: INFO: MachineLearningStocks : Executing the on_trading_iteration lifecycle method
2022-08-30 01:16:16,441: root: INFO: Getting historical prices for SRNE, 30040 bars, minute
2022-08-30 01:17:11,998: root: INFO: Current backtesting datetime 2021-08-10 15:55:00-04:00
2022-08-30 01:17:11,999: root: INFO: MachineLearningStocks : Executing the before_market_closes lifecycle method
2022-08-30 01:17:11,999: root: WARNING: Strategy MachineLearningStocks: sell all
2022-08-30 01:17:11,999: root: INFO: market order of | 2286 SRNE sell | with status unprocessed was canceled.
2022-08-30 01:17:12,002: root: INFO: MachineLearningStocks : Executing the on_canceled_order event method
2022-08-30 01:17:12,003: root: INFO: Current backtesting datetime 2021-08-10 15:59:00-04:00
2022-08-30 01:17:12,003: root: INFO: MachineLearningStocks : Executing the after_market_closes lifecycle method
2022-08-30 01:17:12,003: root: INFO: MachineLearningStocks : Executing the on_strategy_end lifecycle method
2022-08-30 01:17:12,014: root: INFO: MachineLearningStocks : --- MachineLearningStocks Strategy Performance  ---
2022-08-30 01:17:12,027: root: INFO: MachineLearningStocks : Total Return: 0.93%
2022-08-30 01:17:12,028: root: INFO: MachineLearningStocks : CAGR 52.46%
2022-08-30 01:17:12,028: root: INFO: MachineLearningStocks : Volatility 7.74%
2022-08-30 01:17:12,028: root: INFO: MachineLearningStocks : Sharpe 6.42
2022-08-30 01:17:12,028: root: INFO: MachineLearningStocks : Max Drawdown 0.54% on 2021-08-03
2022-08-30 01:17:12,028: root: INFO: MachineLearningStocks : RoMaD 9,746.70%
2022-08-30 01:17:12,028: root: INFO: MachineLearningStocks : --- SPY Benchmark Performance ---
2022-08-30 01:17:17,065: root: INFO: MachineLearningStocks : Total Return: 1.16%
2022-08-30 01:17:17,065: root: INFO: MachineLearningStocks : SPY CAGR 69.55%
2022-08-30 01:17:17,065: root: INFO: MachineLearningStocks : SPY Volatility 7.86%
2022-08-30 01:17:17,065: root: INFO: MachineLearningStocks : SPY Sharpe 8.49
2022-08-30 01:17:17,065: root: INFO: MachineLearningStocks : SPY Max Drawdown 0.49% on 2021-08-04
2022-08-30 01:17:17,065: root: INFO: MachineLearningStocks : SPY RoMaD 14,140.01%
2022-08-30 01:17:17,066: backtest_stats: INFO: Backtest took 1:29:18.842120 for a speed of 0.007
2022-08-30 01:17:17,852: matplotlib.font_manager: WARNING: findfont: Font family ['Arial'] not found. Falling back to DejaVu Sans.
